{
    "pr_auc": 0.6477672363456783,
    "recall_leave": 0.75,
    "precision_leave": 0.3711340206185567,
    "f1_leave": 0.496551724137931,
    "threshold_used": 0.1,
    "train_time_sec": 0.3652966022491455,
    "n_estimators": 300,
    "max_depth": 5,
    "learning_rate": 0.05,
    "subsample": 0.8,
    "colsample_bytree": 0.8,
    "random_state": 42
}