{
    "pr_auc": 0.6431958779421679,
    "recall_leave": 0.7083333333333334,
    "precision_leave": 0.35051546391752575,
    "f1_leave": 0.4689655172413793,
    "threshold_used": 0.1,
    "train_time_sec": 0.37073850631713867,
    "n_estimators": 300,
    "max_depth": 5,
    "learning_rate": 0.05,
    "subsample": 0.8,
    "colsample_bytree": 0.8,
    "random_state": 42
}